<?xml version="1.0" encoding="utf-8" standalone="yes"?>
<rss version="2.0" xmlns:atom="http://www.w3.org/2005/Atom">
  <channel>
    <title>Docs on </title>
    <link>https://ukrajinec.cz/ru/docs/</link>
    <description>Recent content in Docs on </description>
    <generator>Hugo -- gohugo.io</generator>
    <language>ua</language>
    <lastBuildDate>Tue, 06 Oct 2020 08:48:23 +0000</lastBuildDate><atom:link href="https://ukrajinec.cz/ru/docs/index.xml" rel="self" type="application/rss+xml" />
  </channel>
</rss>
