<?xml version="1.0" encoding="utf-8" standalone="yes"?>
<rss version="2.0" xmlns:atom="http://www.w3.org/2005/Atom">
  <channel>
    <title>Транспорт on </title>
    <link>https://ukrajinec.cz/docs/transportation/</link>
    <description>Recent content in Транспорт on </description>
    <generator>Hugo -- gohugo.io</generator>
    <language>ua</language>
    <lastBuildDate>Tue, 06 Oct 2020 08:49:15 +0000</lastBuildDate><atom:link href="https://ukrajinec.cz/docs/transportation/index.xml" rel="self" type="application/rss+xml" />
    <item>
      <title>Транспорт в Чехії</title>
      <link>https://ukrajinec.cz/docs/transportation/general/</link>
      <pubDate>Tue, 06 Oct 2020 08:48:57 +0000</pubDate>
      
      <guid>https://ukrajinec.cz/docs/transportation/general/</guid>
      <description>Громадскій транспорт #в Празі #Зараз в Празі в трамваях, автобусах, метро для уркаїнців проїзд безкоштовно. Достатньо показати паспорт України чи загранпаспорт.
в Брно #на закладі візи можна попросити у Доправного подніку Брно ( Dopravni podnik Brno ) безкоштовний квиток. Адреса:
budova DPMB, a.s., Novobranská 18, Brno  Регіональний транспорт #Потяги Чеськіх доріг (ČD, České Dráhy) для громадян України також безкоштовні.
Як подорожувати в Чехії # České Dráhy 🚋 StudentAgency 🚌 🚋 ✈️ FlixBus 🚌 Idos - білети 🎫  </description>
    </item>
    
  </channel>
</rss>
