<?xml version="1.0" encoding="utf-8" standalone="yes"?>
<rss version="2.0" xmlns:atom="http://www.w3.org/2005/Atom">
  <channel>
    <title>Перші кроки on </title>
    <link>https://ukrajinec.cz/docs/prologue/</link>
    <description>Recent content in Перші кроки on </description>
    <generator>Hugo -- gohugo.io</generator>
    <language>ua</language>
    <lastBuildDate>Tue, 06 Oct 2020 08:48:45 +0000</lastBuildDate><atom:link href="https://ukrajinec.cz/docs/prologue/index.xml" rel="self" type="application/rss+xml" />
    <item>
      <title>Старт</title>
      <link>https://ukrajinec.cz/docs/prologue/introduction/</link>
      <pubDate>Tue, 06 Oct 2020 08:48:57 +0000</pubDate>
      
      <guid>https://ukrajinec.cz/docs/prologue/introduction/</guid>
      <description>⚠️ Увага шахраї #уже появилися шахраї, як на кордонах, так на вокзалах, та й у нас в Чехії. Шахраї видають себе за добровільців, та обкрадають людей, крадуть дітей та жінок. Будь ласка, будьте дуже уважні.
 Як зорієнтуватися #Є 2 можливості, як залишитися в Чехії
1. Віза та дозвіл на роботу #У зв&amp;rsquo;язку з триваючим конфліктом є можливість подати заяву на отримання специфічний типу довгострокової візи. Якщо у вас є дозвіл на працевлаштування, ви можете продовжувати працювати.</description>
    </item>
    
  </channel>
</rss>
