[{"content":"1. Слава Богу, що оберігає вас! Міжнародна Церква Християн Віри Євангельської П\u0026rsquo;ятидесятників у Празі запрошує вас на богослужіння. Пастор родом з України.\n2. Важлива інформація від держави Інформація для громадян України в Чехії у зв\u0026rsquo;язку з конфліктом в Україні\n3. Пропозиції житла для людей з України 4. Пропозиції гуманітарної допомоги 5. Пропозиції роботи без знання чеської мови  ITforSpace, s.r.o. шукаю програмістів. Компанія використовує українську, російську, чеську, англійську мови.  ","description":"You will find some of the most common and helpful pages from our documentation.","id":0,"section":"","tags":null,"title":"Вітаємо Вас Чеській республіці","uri":"https://ukrajinec.cz/ua/wellcome/"}]