<?xml version="1.0" encoding="utf-8" standalone="yes" ?>
<rss version="2.0" xmlns:atom="http://www.w3.org/2005/Atom">
  <channel>
    <title>docs section on ukrajinec.cz</title>
    <link>https://ukrajinec.cz/ua/</link>
    <description>Recent content in docs section on ukrajinec.cz</description>
    <generator>Hugo -- gohugo.io</generator>
    <language>ua</language>
    <copyright>©{year}, ITforSpace, s.r.o.</copyright>
    <lastBuildDate>Tue, 26 Mar 2019 08:47:11 +0100</lastBuildDate>
    
        <atom:link href="https://ukrajinec.cz/ua/index.xml" rel="self" type="application/rss+xml" />
    
    
    
      
      <item>
        <title>Вітаємо Вас Чеській республіці</title>
        <link>https://ukrajinec.cz/ua/wellcome/</link>
        <pubDate>Tue, 26 Mar 2019 08:47:11 +0100</pubDate>
        
        <guid>https://ukrajinec.cz/ua/wellcome/</guid>
        <description>1. Слава Богу, що оберігає вас! Міжнародна Церква Християн Віри Євангельської П&amp;rsquo;ятидесятників у Празі запрошує вас на богослужіння. Пастор родом з України.
2. Важлива інформація від держави Інформація для громадян України в Чехії у зв&amp;rsquo;язку з конфліктом в Україні
3. Пропозиції житла для людей з України 4. Пропозиції гуманітарної допомоги 5. Пропозиції роботи без знання чеської мови  ITforSpace, s.r.o. шукаю програмістів. Компанія використовує українську, російську, чеську, англійську мови.  </description>
      </item>
      
    
  </channel>
</rss>