<?xml version="1.0" encoding="utf-8" standalone="yes"?>
<rss version="2.0" xmlns:atom="http://www.w3.org/2005/Atom">
  <channel>
    <title>Праця on </title>
    <link>https://ukrajinec.cz/ru/docs/work/</link>
    <description>Recent content in Праця on </description>
    <generator>Hugo -- gohugo.io</generator>
    <language>ua</language>
    <lastBuildDate>Tue, 06 Oct 2020 08:49:15 +0000</lastBuildDate><atom:link href="https://ukrajinec.cz/ru/docs/work/index.xml" rel="self" type="application/rss+xml" />
    <item>
      <title>Загальна інформація</title>
      <link>https://ukrajinec.cz/ru/docs/work/intro/</link>
      <pubDate>Tue, 06 Oct 2020 08:48:57 +0000</pubDate>
      
      <guid>https://ukrajinec.cz/ru/docs/work/intro/</guid>
      <description>Інформація від уряду зайнятості # Úřád práce - інформація і на українській мові тут  Сайти де шукати роботу # www.itforspace.com - Звертайтесь до нас, якщо ви шукаєте роботу в ІТ. Ми також розмовляємо вашою мовою. У нас є контакти. Ми чеська компанія. Напишите нам на robota@itforspace.com www.prace.cz www.jobs.cz www.startupjobs.cz  </description>
    </item>
    
  </channel>
</rss>
