<?xml version="1.0" encoding="utf-8" standalone="yes"?>
<rss version="2.0" xmlns:atom="http://www.w3.org/2005/Atom">
  <channel>
    <title>Фінанси on </title>
    <link>https://ukrajinec.cz/docs/finance/</link>
    <description>Recent content in Фінанси on </description>
    <generator>Hugo -- gohugo.io</generator>
    <language>ua</language>
    <lastBuildDate>Tue, 06 Oct 2020 08:49:15 +0000</lastBuildDate><atom:link href="https://ukrajinec.cz/docs/finance/index.xml" rel="self" type="application/rss+xml" />
    <item>
      <title>Загальна інформація</title>
      <link>https://ukrajinec.cz/docs/finance/general/</link>
      <pubDate>Tue, 13 Oct 2020 15:21:01 +0200</pubDate>
      
      <guid>https://ukrajinec.cz/docs/finance/general/</guid>
      <description>Банк ČSOB #ПАКЕТНА ПРОПОЗИЦІЯ ДЛЯ ГРОМАДЯН УКРАЇНИ # Зняття коштів з українських рахунків без комісії Рахунок із фінансовою допомогою 2 500 чеських крон Безкоштовний валютний рахунок та безкоштовні депозити  https://www.csob.cz/portal/ukrajina/balicek-pro-prichozi</description>
    </item>
    
  </channel>
</rss>
