<?xml version="1.0" encoding="utf-8" standalone="yes"?>
<rss version="2.0" xmlns:atom="http://www.w3.org/2005/Atom">
  <channel>
    <title>Перші кроки on </title>
    <link>https://ukrajinec.cz/ru/docs/prologue/</link>
    <description>Recent content in Перші кроки on </description>
    <generator>Hugo -- gohugo.io</generator>
    <language>ua</language>
    <lastBuildDate>Tue, 06 Oct 2020 08:48:45 +0000</lastBuildDate><atom:link href="https://ukrajinec.cz/ru/docs/prologue/index.xml" rel="self" type="application/rss+xml" />
    <item>
      <title>Старт</title>
      <link>https://ukrajinec.cz/ru/docs/prologue/introduction/</link>
      <pubDate>Tue, 06 Oct 2020 08:48:57 +0000</pubDate>
      
      <guid>https://ukrajinec.cz/ru/docs/prologue/introduction/</guid>
      <description>Як зорієнтуватися #Є 2 можливості, як залишитися в Чехії
1. Віза та дозвіл на роботу #2. Притулок - азіл #</description>
    </item>
    
  </channel>
</rss>
