<?xml version="1.0" encoding="utf-8" standalone="yes"?>
<rss version="2.0" xmlns:atom="http://www.w3.org/2005/Atom">
  <channel>
    <title>Інформація для громадян України в Чехії</title>
    <link>https://ukrajinec.cz/</link>
    <description>Recent content on Інформація для громадян України в Чехії</description>
    <generator>Hugo -- gohugo.io</generator>
    <language>uk-UA</language><atom:link href="https://ukrajinec.cz/index.xml" rel="self" type="application/rss+xml" />
  </channel>
</rss>
