<?xml version="1.0" encoding="utf-8" standalone="yes" ?>
<rss version="2.0" xmlns:atom="http://www.w3.org/2005/Atom">
  <channel>
    <title>ukrajinec.cz</title>
    <link>https://ukrajinec.cz/cs/</link>
    <description>Recent content on ukrajinec.cz</description>
    <generator>Hugo -- gohugo.io</generator>
    <language>cs</language>
    <copyright>©{year}, ITforSpace, s.r.o.</copyright>
    
        <atom:link href="https://ukrajinec.cz/cs/index.xml" rel="self" type="application/rss+xml" />
    
    
    
      
    
  </channel>
</rss>