<?xml version="1.0" encoding="utf-8" standalone="yes"?>
<rss version="2.0" xmlns:atom="http://www.w3.org/2005/Atom">
  <channel>
    <title>Житло on </title>
    <link>https://ukrajinec.cz/docs/accomodation/</link>
    <description>Recent content in Житло on </description>
    <generator>Hugo -- gohugo.io</generator>
    <language>ua</language>
    <lastBuildDate>Tue, 06 Oct 2020 08:48:45 +0000</lastBuildDate><atom:link href="https://ukrajinec.cz/docs/accomodation/index.xml" rel="self" type="application/rss+xml" />
    <item>
      <title>Як знайти житло</title>
      <link>https://ukrajinec.cz/docs/accomodation/accomod-intro/</link>
      <pubDate>Tue, 06 Oct 2020 08:48:57 +0000</pubDate>
      
      <guid>https://ukrajinec.cz/docs/accomodation/accomod-intro/</guid>
      <description>⚠️ Увага шахраї #уже появилися шахраї, як на кордонах, так на вокзалах, та й у нас в Чехії. Шахраї видають себе за добровільців, та обкрадають людей, крадуть дітей та жінок. Будь ласка, будьте дуже уважні.
Під виглядом добровільців пропонували житло, а далі люди попадали в біду. Тому влада ЧР взяла організацію житла під своє крило. Всі добровільці звертаються до влади і предостовляють своє житло. Все йде офіційно через владу, звертайтесь до центру допомоги.</description>
    </item>
    
  </channel>
</rss>
